{
    "name": "Thug 1",
    "task": "Human Trafficking",
    "earnedRespect": 16714250.372301279,
    "hack": 3879,
    "str": 120118,
    "def": 60568,
    "dex": 8979,
    "agi": 12066,
    "cha": 2221,
    "hack_exp": 211055.50402573182,
    "str_exp": 393976.6528374964,
    "def_exp": 267882.0661301752,
    "dex_exp": 513822.7827917297,
    "agi_exp": 50809.207758130615,
    "cha_exp": 184165.82339292194,
    "hack_mult": 2.2723515045,
    "str_mult": 29.206517322318344,
    "def_mult": 15.515548794797635,
    "dex_mult": 2.220075,
    "agi_mult": 7.285657510010881,
    "cha_mult": 1.4592614400000004,
    "hack_asc_mult": 8.873831603448219,
    "str_asc_mult": 19.36931051660177,
    "def_asc_mult": 19.517603641954214,
    "dex_asc_mult": 18.317213729147404,
    "agi_asc_mult": 11.260202122444703,
    "cha_asc_mult": 8.094805802231608,
    "hack_asc_points": 157489.77465271275,
    "str_asc_points": 750340.3797770801,
    "def_asc_points": 761873.7038488488,
    "dex_asc_points": 671040.6375985323,
    "agi_asc_points": 253584.30367661634,
    "cha_asc_points": 131051.76195168502,
    "upgrades": [
        "Baseball Bat",
        "Bulletproof Vest",
        "Ford Flex V20",
        "Full Body Armor",
        "NUKE Rootkit",
        "ATX1070 Superbike",
        "Katana",
        "Mercedes-Benz S9001",
        "Glock 18C",
        "Liquid Body Armor",
        "White Ferrari",
        "Graphene Plating Armor",
        "Soulstealer Rootkit",
        "Hmap Node",
        "P90C",
        "Steyr AUG",
        "Demon Rootkit",
        "Jack the Ripper",
        "AK-47",
        "M15A10 Assault Rifle",
        "AWM Sniper Rifle"
    ],
    "augmentations": [
        "Bionic Arms",
        "Bionic Legs",
        "Nanofiber Weave",
        "Bionic Spine",
        "BitWire",
        "DataJack",
        "Neuralstimulator",
        "Synfibril Muscle",
        "BrachiBlades",
        "Synthetic Heart",
        "Graphene Bone Lacings"
    ],
    "respectGain": 986.0042928832119,
    "wantedLevelGain": 0.0002038056547053304,
    "moneyGain": 4667406.34795679,
    "expGain": {
        "hack_exp": 5.885153497807917,
        "str_exp": 13.078228794275663,
        "def_exp": 7.576246350011986,
        "dex_exp": 12.027584333966665,
        "agi_exp": 0,
        "cha_exp": 4.540583059316585
    }
}
