{
    "hacking_chance": 1.01000179,
    "hacking_speed": 1.01000179,
    "hacking_money": 1.01000179,
    "hacking_grow": 1.01000179,
    "hacking": 1.01000179,
    "hacking_exp": 1.01000179,
    "strength": 1.01000179,
    "strength_exp": 1.01000179,
    "defense": 1.01000179,
    "defense_exp": 1.01000179,
    "dexterity": 1.01000179,
    "dexterity_exp": 1.01000179,
    "agility": 1.01000179,
    "agility_exp": 1.01000179,
    "charisma": 1.01000179,
    "charisma_exp": 1.01000179,
    "hacknet_node_money": 1.01000179,
    "hacknet_node_purchase_cost": 0.9900972551741715,
    "hacknet_node_ram_cost": 0.9900972551741715,
    "hacknet_node_core_cost": 0.9900972551741715,
    "hacknet_node_level_cost": 0.9900972551741715,
    "company_rep": 1.01000179,
    "faction_rep": 1.01000179,
    "work_money": 1.01000179,
    "crime_success": 1.01000179,
    "crime_money": 1.01000179,
    "bladeburner_max_stamina": 1,
    "bladeburner_stamina_gain": 1,
    "bladeburner_analysis": 1,
    "bladeburner_success_chance": 1
}
