{
    "hp": {
        "current": 11,
        "max": 11
    },
    "skills": {
        "hacking": 746,
        "strength": 15,
        "defense": 15,
        "dexterity": 15,
        "agility": 15,
        "charisma": 1,
        "intelligence": 0
    },
    "exp": {
        "hacking": 3484949638.6857886,
        "strength": 197.19592450594595,
        "defense": 197.19592450594595,
        "dexterity": 197.19592450594595,
        "agility": 197.19592450594595,
        "charisma": 0,
        "intelligence": 0
    },
    "mults": {
        "hacking_chance": 1.4126794505763012,
        "hacking_speed": 1.4550598340935903,
        "hacking_money": 1.4126794505763012,
        "hacking_grow": 1.4126794505763012,
        "hacking": 1.4833134231051157,
        "hacking_exp": 1.5539473956339316,
        "strength": 1.4126794505763012,
        "strength_exp": 1.5539473956339316,
        "defense": 1.4126794505763012,
        "defense_exp": 1.5539473956339316,
        "dexterity": 1.4126794505763012,
        "dexterity_exp": 1.5539473956339316,
        "agility": 1.4126794505763012,
        "agility_exp": 1.5539473956339316,
        "charisma": 1.4126794505763012,
        "charisma_exp": 1.5539473956339316,
        "hacknet_node_money": 1.4126794505763012,
        "hacknet_node_purchase_cost": 0.7078739622014399,
        "hacknet_node_ram_cost": 0.7078739622014399,
        "hacknet_node_core_cost": 0.7078739622014399,
        "hacknet_node_level_cost": 0.7078739622014399,
        "company_rep": 1.686830204647274,
        "faction_rep": 1.686830204647274,
        "work_money": 1.4126794505763012,
        "crime_success": 1.4126794505763012,
        "crime_money": 1.4126794505763012,
        "bladeburner_max_stamina": 1,
        "bladeburner_stamina_gain": 1,
        "bladeburner_analysis": 1,
        "bladeburner_success_chance": 1
    },
    "city": "Ishima",
    "numPeopleKilled": 0,
    "money": 6849529702493.494,
    "location": "Omega Software",
    "totalPlaytime": 693520200,
    "jobs": {},
    "factions": [
        "BitRunners",
        "The Black Hand",
        "NiteSec",
        "Chongqing",
        "Ishima",
        "New Tokyo",
        "Netburners",
        "Tian Di Hui",
        "CyberSec"
    ],
    "entropy": 0,
    "karma": -156.5575000000012,
    "playtimeSinceLastAug": 7393200,
    "playtimeSinceLastBitnode": 13245800,
    "bitNodeN": 1
}
